age_group,icd_code,diagnosis_count,rn
18-39,F32.9,6,1
18-39,M54.5,5,2
18-39,F41.1,5,3
18-39,G43.909,4,4
18-39,J02.9,4,5
18-39,N39.0,4,6
18-39,K21.9,3,7
18-39,F41.9,3,8
18-39,Z00.00,3,9
18-39,E11.9,2,10
18-39,C34.90,2,11
18-39,M17.11,2,12
18-39,J06.9,2,13
18-39,E11.65,2,14
18-39,R53.1,2,15
18-39,N18.9,1,16
18-39,N80.0,1,17
18-39,R10.9,1,18
18-39,I10,1,19
18-39,M62.838,1,20
18-39,A41.9,1,21
18-39,E78.0,1,22
18-39,J45.909,1,23
18-39,M81.0,1,24
18-39,I64.9,1,25
18-39,E66.9,1,26
18-39,Z00.121,1,27
18-39,M19.9,1,28
18-39,Z00.129,1,29
18-39,C50.912,1,30
18-39,M25.50,1,31
18-39,G47.00,1,32
40-64,E78.5,10,1
40-64,J45.909,9,2
40-64,I10,8,3
40-64,E11.9,8,4
40-64,N39.0,6,5
40-64,M54.5,5,6
40-64,K21.9,5,7
40-64,I25.10,4,8
40-64,G43.909,4,9
40-64,E66.9,4,10
40-64,J02.9,3,11
40-64,F32.9,3,12
40-64,F41.1,2,13
40-64,Z00.00,2,14
40-64,K35.80,2,15
40-64,C50.911,2,16
40-64,C50.912,2,17
40-64,N18.9,2,18
40-64,I64,1,19
40-64,R53.1,1,20
40-64,M81.0,1,21
40-64,C43.9,1,22
40-64,E03.9,1,23
40-64,N418,1,24
40-64,E11.65,1,25
40-64,J06.9,1,26
40-64,I64.9,1,27
40-64,H52.1,1,28
40-64,I21.9,1,29
40-64,D64.9,1,30
40-64,K80.20,1,31
40-64,G40.909,1,32
40-64,E78.0,1,33
40-64,I44.1,1,34
40-64,N20.0,1,35
40-64,C34.90,1,36
40-64,N80.0,1,37
40-64,K35.30,1,38
40-64,M19.90,1,39
40-64,M25.50,1,40
40-64,J11.1,1,41
65+,I10,10,1
65+,I25.10,5,2
65+,I50.9,3,3
65+,I25.110,1,4
65+,J45.909,1,5
65+,K35.80,1,6
65+,K21.9,1,7
65+,I21.9,1,8
65+,E03.9,1,9
65+,I48.91,1,10
65+,N39.0,1,11
65+,I64.9,1,12
65+,N18.9,1,13
65+,C34.91,1,14
65+,I11.9,1,15
